index,go_id,namespace
0,GO:0000049,MFO
1,GO:0000166,MFO
2,GO:0000175,MFO
3,GO:0000287,MFO
4,GO:0000976,MFO
5,GO:0000977,MFO
6,GO:0000978,MFO
7,GO:0000981,MFO
8,GO:0000987,MFO
9,GO:0001067,MFO
10,GO:0001216,MFO
11,GO:0001217,MFO
12,GO:0001227,MFO
13,GO:0001228,MFO
14,GO:0001664,MFO
15,GO:0002020,MFO
16,GO:0002039,MFO
17,GO:0002161,MFO
18,GO:0003674,MFO
19,GO:0003676,MFO
20,GO:0003677,MFO
21,GO:0003682,MFO
22,GO:0003690,MFO
23,GO:0003697,MFO
24,GO:0003700,MFO
25,GO:0003712,MFO
26,GO:0003713,MFO
27,GO:0003714,MFO
28,GO:0003723,MFO
29,GO:0003724,MFO
30,GO:0003725,MFO
31,GO:0003727,MFO
32,GO:0003729,MFO
33,GO:0003735,MFO
34,GO:0003755,MFO
35,GO:0003779,MFO
36,GO:0003824,MFO
37,GO:0003887,MFO
38,GO:0003924,MFO
39,GO:0003968,MFO
40,GO:0004175,MFO
41,GO:0004180,MFO
42,GO:0004185,MFO
43,GO:0004197,MFO
44,GO:0004252,MFO
45,GO:0004315,MFO
46,GO:0004386,MFO
47,GO:0004482,MFO
48,GO:0004483,MFO
49,GO:0004497,MFO
50,GO:0004518,MFO
51,GO:0004519,MFO
52,GO:0004520,MFO
53,GO:0004521,MFO
54,GO:0004527,MFO
55,GO:0004532,MFO
56,GO:0004536,MFO
57,GO:0004540,MFO
58,GO:0004553,MFO
59,GO:0004601,MFO
60,GO:0004659,MFO
61,GO:0004672,MFO
62,GO:0004674,MFO
63,GO:0004713,MFO
64,GO:0004812,MFO
65,GO:0004842,MFO
66,GO:0004843,MFO
67,GO:0004857,MFO
68,GO:0004860,MFO
69,GO:0004866,MFO
70,GO:0004867,MFO
71,GO:0005102,MFO
72,GO:0005126,MFO
73,GO:0005178,MFO
74,GO:0005198,MFO
75,GO:0005201,MFO
76,GO:0005215,MFO
77,GO:0005216,MFO
78,GO:0005261,MFO
79,GO:0005319,MFO
80,GO:0005488,MFO
81,GO:0005496,MFO
82,GO:0005506,MFO
83,GO:0005507,MFO
84,GO:0005509,MFO
85,GO:0005515,MFO
86,GO:0005524,MFO
87,GO:0005525,MFO
88,GO:0005539,MFO
89,GO:0005543,MFO
90,GO:0005546,MFO
91,GO:0008017,MFO
92,GO:0008047,MFO
93,GO:0008083,MFO
94,GO:0008092,MFO
95,GO:0008094,MFO
96,GO:0008134,MFO
97,GO:0008168,MFO
98,GO:0008170,MFO
99,GO:0008171,MFO
100,GO:0008173,MFO
101,GO:0008174,MFO
102,GO:0008186,MFO
103,GO:0008201,MFO
104,GO:0008233,MFO
105,GO:0008234,MFO
106,GO:0008236,MFO
107,GO:0008237,MFO
108,GO:0008238,MFO
109,GO:0008242,MFO
110,GO:0008270,MFO
111,GO:0008276,MFO
112,GO:0008289,MFO
113,GO:0008324,MFO
114,GO:0008408,MFO
115,GO:0008757,MFO
116,GO:0008901,MFO
117,GO:0009002,MFO
118,GO:0009055,MFO
119,GO:0015075,MFO
120,GO:0015078,MFO
121,GO:0015252,MFO
122,GO:0015267,MFO
123,GO:0015399,MFO
124,GO:0015631,MFO
125,GO:0016151,MFO
126,GO:0016209,MFO
127,GO:0016247,MFO
128,GO:0016298,MFO
129,GO:0016301,MFO
130,GO:0016407,MFO
131,GO:0016410,MFO
132,GO:0016462,MFO
133,GO:0016491,MFO
134,GO:0016614,MFO
135,GO:0016616,MFO
136,GO:0016625,MFO
137,GO:0016627,MFO
138,GO:0016661,MFO
139,GO:0016667,MFO
140,GO:0016684,MFO
141,GO:0016695,MFO
142,GO:0016699,MFO
143,GO:0016701,MFO
144,GO:0016702,MFO
145,GO:0016705,MFO
146,GO:0016740,MFO
147,GO:0016741,MFO
148,GO:0016746,MFO
149,GO:0016747,MFO
150,GO:0016755,MFO
151,GO:0016757,MFO
152,GO:0016758,MFO
153,GO:0016763,MFO
154,GO:0016765,MFO
155,GO:0016772,MFO
156,GO:0016773,MFO
157,GO:0016775,MFO
158,GO:0016779,MFO
159,GO:0016787,MFO
160,GO:0016788,MFO
161,GO:0016791,MFO
162,GO:0016798,MFO
163,GO:0016799,MFO
164,GO:0016810,MFO
165,GO:0016811,MFO
166,GO:0016812,MFO
167,GO:0016817,MFO
168,GO:0016818,MFO
169,GO:0016829,MFO
170,GO:0016830,MFO
171,GO:0016831,MFO
172,GO:0016835,MFO
173,GO:0016836,MFO
174,GO:0016849,MFO
175,GO:0016853,MFO
176,GO:0016859,MFO
177,GO:0016860,MFO
178,GO:0016866,MFO
179,GO:0016868,MFO
180,GO:0016874,MFO
181,GO:0016875,MFO
182,GO:0016879,MFO
183,GO:0016881,MFO
184,GO:0016887,MFO
185,GO:0016891,MFO
186,GO:0016896,MFO
187,GO:0016903,MFO
188,GO:0017076,MFO
189,GO:0017111,MFO
190,GO:0017171,MFO
191,GO:0019001,MFO
192,GO:0019104,MFO
193,GO:0019207,MFO
194,GO:0019209,MFO
195,GO:0019210,MFO
196,GO:0019783,MFO
197,GO:0019787,MFO
198,GO:0019829,MFO
199,GO:0019838,MFO
200,GO:0019842,MFO
201,GO:0019843,MFO
202,GO:0019887,MFO
203,GO:0019899,MFO
204,GO:0019900,MFO
205,GO:0019901,MFO
206,GO:0019904,MFO
207,GO:0019955,MFO
208,GO:0020037,MFO
209,GO:0022803,MFO
210,GO:0022804,MFO
211,GO:0022853,MFO
212,GO:0022857,MFO
213,GO:0030145,MFO
214,GO:0030234,MFO
215,GO:0030246,MFO
216,GO:0030291,MFO
217,GO:0030295,MFO
218,GO:0030414,MFO
219,GO:0030544,MFO
220,GO:0030545,MFO
221,GO:0030546,MFO
222,GO:0030551,MFO
223,GO:0030554,MFO
224,GO:0030674,MFO
225,GO:0030695,MFO
226,GO:0030971,MFO
227,GO:0031072,MFO
228,GO:0031406,MFO
229,GO:0031593,MFO
230,GO:0031625,MFO
231,GO:0032182,MFO
232,GO:0032553,MFO
233,GO:0032555,MFO
234,GO:0032559,MFO
235,GO:0032561,MFO
236,GO:0033218,MFO
237,GO:0033293,MFO
238,GO:0034061,MFO
239,GO:0034062,MFO
240,GO:0035091,MFO
241,GO:0035639,MFO
242,GO:0036094,MFO
243,GO:0038023,MFO
244,GO:0039660,MFO
245,GO:0042054,MFO
246,GO:0042277,MFO
247,GO:0042393,MFO
248,GO:0042578,MFO
249,GO:0042626,MFO
250,GO:0042802,MFO
251,GO:0042803,MFO
252,GO:0043021,MFO
253,GO:0043022,MFO
254,GO:0043130,MFO
255,GO:0043167,MFO
256,GO:0043168,MFO
257,GO:0043169,MFO
258,GO:0043177,MFO
259,GO:0043178,MFO
260,GO:0043394,MFO
261,GO:0043531,MFO
262,GO:0043565,MFO
263,GO:0044183,MFO
264,GO:0044325,MFO
265,GO:0044389,MFO
266,GO:0044877,MFO
267,GO:0045296,MFO
268,GO:0046332,MFO
269,GO:0046789,MFO
270,GO:0046812,MFO
271,GO:0046872,MFO
272,GO:0046873,MFO
273,GO:0046906,MFO
274,GO:0046914,MFO
275,GO:0046933,MFO
276,GO:0046982,MFO
277,GO:0046983,MFO
278,GO:0048018,MFO
279,GO:0048029,MFO
280,GO:0050660,MFO
281,GO:0050661,MFO
282,GO:0050839,MFO
283,GO:0051015,MFO
284,GO:0051082,MFO
285,GO:0051087,MFO
286,GO:0051117,MFO
287,GO:0051213,MFO
288,GO:0051219,MFO
289,GO:0051287,MFO
290,GO:0051536,MFO
291,GO:0051537,MFO
292,GO:0051538,MFO
293,GO:0051539,MFO
294,GO:0051540,MFO
295,GO:0052689,MFO
296,GO:0060089,MFO
297,GO:0060090,MFO
298,GO:0060589,MFO
299,GO:0061134,MFO
300,GO:0061135,MFO
301,GO:0061629,MFO
302,GO:0061630,MFO
303,GO:0061659,MFO
304,GO:0061783,MFO
305,GO:0070008,MFO
306,GO:0070492,MFO
307,GO:0070566,MFO
308,GO:0070851,MFO
309,GO:0072341,MFO
310,GO:0090729,MFO
311,GO:0097367,MFO
312,GO:0097747,MFO
313,GO:0098772,MFO
314,GO:0099106,MFO
315,GO:0101005,MFO
316,GO:0106310,MFO
317,GO:0120013,MFO
318,GO:0120543,MFO
319,GO:0120545,MFO
320,GO:0140030,MFO
321,GO:0140096,MFO
322,GO:0140097,MFO
323,GO:0140098,MFO
324,GO:0140101,MFO
325,GO:0140104,MFO
326,GO:0140110,MFO
327,GO:0140297,MFO
328,GO:0140299,MFO
329,GO:0140640,MFO
330,GO:0140657,MFO
331,GO:0140677,MFO
332,GO:0140678,MFO
333,GO:0140993,MFO
334,GO:0141108,MFO
335,GO:0160215,MFO
336,GO:0180051,MFO
337,GO:1901265,MFO
338,GO:1901363,MFO
339,GO:1901681,MFO
340,GO:1901981,MFO
341,GO:1902936,MFO
342,GO:1990782,MFO
343,GO:1990837,MFO
344,GO:0000018,BPO
345,GO:0000041,BPO
346,GO:0000045,BPO
347,GO:0000070,BPO
348,GO:0000075,BPO
349,GO:0000096,BPO
350,GO:0000122,BPO
351,GO:0000165,BPO
352,GO:0000209,BPO
353,GO:0000226,BPO
354,GO:0000270,BPO
355,GO:0000271,BPO
356,GO:0000272,BPO
357,GO:0000278,BPO
358,GO:0000280,BPO
359,GO:0000302,BPO
360,GO:0000723,BPO
361,GO:0000819,BPO
362,GO:0000902,BPO
363,GO:0000910,BPO
364,GO:0001501,BPO
365,GO:0001503,BPO
366,GO:0001525,BPO
367,GO:0001539,BPO
368,GO:0001558,BPO
369,GO:0001568,BPO
370,GO:0001649,BPO
371,GO:0001654,BPO
372,GO:0001666,BPO
373,GO:0001701,BPO
374,GO:0001763,BPO
375,GO:0001775,BPO
376,GO:0001817,BPO
377,GO:0001818,BPO
378,GO:0001819,BPO
379,GO:0001822,BPO
380,GO:0001837,BPO
381,GO:0001838,BPO
382,GO:0001841,BPO
383,GO:0001890,BPO
384,GO:0001892,BPO
385,GO:0001906,BPO
386,GO:0001932,BPO
387,GO:0001934,BPO
388,GO:0001944,BPO
389,GO:0001959,BPO
390,GO:0002009,BPO
391,GO:0002064,BPO
392,GO:0002181,BPO
393,GO:0002218,BPO
394,GO:0002221,BPO
395,GO:0002237,BPO
396,GO:0002250,BPO
397,GO:0002252,BPO
398,GO:0002253,BPO
399,GO:0002263,BPO
400,GO:0002274,BPO
401,GO:0002376,BPO
402,GO:0002429,BPO
403,GO:0002443,BPO
404,GO:0002444,BPO
405,GO:0002449,BPO
406,GO:0002455,BPO
407,GO:0002460,BPO
408,GO:0002521,BPO
409,GO:0002526,BPO
410,GO:0002573,BPO
411,GO:0002682,BPO
412,GO:0002683,BPO
413,GO:0002684,BPO
414,GO:0002685,BPO
415,GO:0002694,BPO
416,GO:0002695,BPO
417,GO:0002696,BPO
418,GO:0002697,BPO
419,GO:0002699,BPO
420,GO:0002700,BPO
421,GO:0002703,BPO
422,GO:0002705,BPO
423,GO:0002706,BPO
424,GO:0002708,BPO
425,GO:0002757,BPO
426,GO:0002758,BPO
427,GO:0002764,BPO
428,GO:0002768,BPO
429,GO:0002791,BPO
430,GO:0002819,BPO
431,GO:0002821,BPO
432,GO:0002822,BPO
433,GO:0002824,BPO
434,GO:0002831,BPO
435,GO:0002833,BPO
436,GO:0003002,BPO
437,GO:0003006,BPO
438,GO:0003007,BPO
439,GO:0003008,BPO
440,GO:0003012,BPO
441,GO:0003013,BPO
442,GO:0003018,BPO
443,GO:0003158,BPO
444,GO:0003170,BPO
445,GO:0003205,BPO
446,GO:0003206,BPO
447,GO:0003231,BPO
448,GO:0003279,BPO
449,GO:0003281,BPO
450,GO:0005975,BPO
451,GO:0005976,BPO
452,GO:0005996,BPO
453,GO:0006006,BPO
454,GO:0006022,BPO
455,GO:0006023,BPO
456,GO:0006024,BPO
457,GO:0006066,BPO
458,GO:0006081,BPO
459,GO:0006082,BPO
460,GO:0006090,BPO
461,GO:0006091,BPO
462,GO:0006096,BPO
463,GO:0006099,BPO
464,GO:0006109,BPO
465,GO:0006110,BPO
466,GO:0006139,BPO
467,GO:0006140,BPO
468,GO:0006163,BPO
469,GO:0006164,BPO
470,GO:0006195,BPO
471,GO:0006259,BPO
472,GO:0006260,BPO
473,GO:0006261,BPO
474,GO:0006281,BPO
475,GO:0006282,BPO
476,GO:0006284,BPO
477,GO:0006302,BPO
478,GO:0006310,BPO
479,GO:0006325,BPO
480,GO:0006338,BPO
481,GO:0006351,BPO
482,GO:0006352,BPO
483,GO:0006354,BPO
484,GO:0006355,BPO
485,GO:0006357,BPO
486,GO:0006364,BPO
487,GO:0006366,BPO
488,GO:0006367,BPO
489,GO:0006368,BPO
490,GO:0006396,BPO
491,GO:0006397,BPO
492,GO:0006399,BPO
493,GO:0006400,BPO
494,GO:0006401,BPO
495,GO:0006402,BPO
496,GO:0006403,BPO
497,GO:0006412,BPO
498,GO:0006417,BPO
499,GO:0006418,BPO
500,GO:0006457,BPO
501,GO:0006468,BPO
502,GO:0006493,BPO
503,GO:0006508,BPO
504,GO:0006511,BPO
505,GO:0006520,BPO
506,GO:0006525,BPO
507,GO:0006526,BPO
508,GO:0006536,BPO
509,GO:0006575,BPO
510,GO:0006605,BPO
511,GO:0006606,BPO
512,GO:0006612,BPO
513,GO:0006620,BPO
514,GO:0006623,BPO
515,GO:0006629,BPO
516,GO:0006631,BPO
517,GO:0006633,BPO
518,GO:0006643,BPO
519,GO:0006644,BPO
520,GO:0006720,BPO
521,GO:0006721,BPO
522,GO:0006730,BPO
523,GO:0006753,BPO
524,GO:0006760,BPO
525,GO:0006766,BPO
526,GO:0006778,BPO
527,GO:0006779,BPO
528,GO:0006783,BPO
529,GO:0006790,BPO
530,GO:0006793,BPO
531,GO:0006796,BPO
532,GO:0006810,BPO
533,GO:0006811,BPO
534,GO:0006812,BPO
535,GO:0006816,BPO
536,GO:0006826,BPO
537,GO:0006869,BPO
538,GO:0006873,BPO
539,GO:0006874,BPO
540,GO:0006879,BPO
541,GO:0006886,BPO
542,GO:0006887,BPO
543,GO:0006892,BPO
544,GO:0006897,BPO
545,GO:0006898,BPO
546,GO:0006909,BPO
547,GO:0006913,BPO
548,GO:0006914,BPO
549,GO:0006915,BPO
550,GO:0006935,BPO
551,GO:0006950,BPO
552,GO:0006952,BPO
553,GO:0006953,BPO
554,GO:0006954,BPO
555,GO:0006955,BPO
556,GO:0006956,BPO
557,GO:0006959,BPO
558,GO:0006974,BPO
559,GO:0006979,BPO
560,GO:0006986,BPO
561,GO:0006996,BPO
562,GO:0006997,BPO
563,GO:0007005,BPO
564,GO:0007010,BPO
565,GO:0007015,BPO
566,GO:0007017,BPO
567,GO:0007018,BPO
568,GO:0007030,BPO
569,GO:0007033,BPO
570,GO:0007034,BPO
571,GO:0007041,BPO
572,GO:0007049,BPO
573,GO:0007051,BPO
574,GO:0007052,BPO
575,GO:0007059,BPO
576,GO:0007088,BPO
577,GO:0007093,BPO
578,GO:0007127,BPO
579,GO:0007154,BPO
580,GO:0007155,BPO
581,GO:0007162,BPO
582,GO:0007163,BPO
583,GO:0007165,BPO
584,GO:0007166,BPO
585,GO:0007167,BPO
586,GO:0007169,BPO
587,GO:0007186,BPO
588,GO:0007188,BPO
589,GO:0007193,BPO
590,GO:0007219,BPO
591,GO:0007267,BPO
592,GO:0007275,BPO
593,GO:0007276,BPO
594,GO:0007281,BPO
595,GO:0007283,BPO
596,GO:0007292,BPO
597,GO:0007346,BPO
598,GO:0007369,BPO
599,GO:0007389,BPO
600,GO:0007399,BPO
601,GO:0007409,BPO
602,GO:0007417,BPO
603,GO:0007420,BPO
604,GO:0007423,BPO
605,GO:0007498,BPO
606,GO:0007507,BPO
607,GO:0007517,BPO
608,GO:0007548,BPO
609,GO:0007584,BPO
610,GO:0007596,BPO
611,GO:0007599,BPO
612,GO:0007600,BPO
613,GO:0007601,BPO
614,GO:0007610,BPO
615,GO:0007623,BPO
616,GO:0008015,BPO
617,GO:0008016,BPO
618,GO:0008033,BPO
619,GO:0008037,BPO
620,GO:0008104,BPO
621,GO:0008150,BPO
622,GO:0008152,BPO
623,GO:0008219,BPO
624,GO:0008277,BPO
625,GO:0008283,BPO
626,GO:0008284,BPO
627,GO:0008285,BPO
628,GO:0008299,BPO
629,GO:0008360,BPO
630,GO:0008361,BPO
631,GO:0008380,BPO
632,GO:0008406,BPO
633,GO:0008544,BPO
634,GO:0008589,BPO
635,GO:0008593,BPO
636,GO:0008610,BPO
637,GO:0008643,BPO
638,GO:0008652,BPO
639,GO:0008654,BPO
640,GO:0009056,BPO
641,GO:0009057,BPO
642,GO:0009058,BPO
643,GO:0009059,BPO
644,GO:0009060,BPO
645,GO:0009061,BPO
646,GO:0009063,BPO
647,GO:0009064,BPO
648,GO:0009067,BPO
649,GO:0009072,BPO
650,GO:0009074,BPO
651,GO:0009084,BPO
652,GO:0009100,BPO
653,GO:0009101,BPO
654,GO:0009110,BPO
655,GO:0009112,BPO
656,GO:0009116,BPO
657,GO:0009117,BPO
658,GO:0009132,BPO
659,GO:0009134,BPO
660,GO:0009135,BPO
661,GO:0009137,BPO
662,GO:0009141,BPO
663,GO:0009142,BPO
664,GO:0009144,BPO
665,GO:0009150,BPO
666,GO:0009152,BPO
667,GO:0009154,BPO
668,GO:0009165,BPO
669,GO:0009166,BPO
670,GO:0009179,BPO
671,GO:0009181,BPO
672,GO:0009185,BPO
673,GO:0009191,BPO
674,GO:0009205,BPO
675,GO:0009225,BPO
676,GO:0009226,BPO
677,GO:0009252,BPO
678,GO:0009259,BPO
679,GO:0009260,BPO
680,GO:0009261,BPO
681,GO:0009266,BPO
682,GO:0009267,BPO
683,GO:0009273,BPO
684,GO:0009306,BPO
685,GO:0009308,BPO
686,GO:0009311,BPO
687,GO:0009314,BPO
688,GO:0009401,BPO
689,GO:0009408,BPO
690,GO:0009410,BPO
691,GO:0009411,BPO
692,GO:0009416,BPO
693,GO:0009451,BPO
694,GO:0009595,BPO
695,GO:0009605,BPO
696,GO:0009607,BPO
697,GO:0009611,BPO
698,GO:0009612,BPO
699,GO:0009615,BPO
700,GO:0009617,BPO
701,GO:0009620,BPO
702,GO:0009628,BPO
703,GO:0009636,BPO
704,GO:0009653,BPO
705,GO:0009698,BPO
706,GO:0009719,BPO
707,GO:0009725,BPO
708,GO:0009743,BPO
709,GO:0009746,BPO
710,GO:0009749,BPO
711,GO:0009755,BPO
712,GO:0009790,BPO
713,GO:0009791,BPO
714,GO:0009792,BPO
715,GO:0009887,BPO
716,GO:0009888,BPO
717,GO:0009889,BPO
718,GO:0009890,BPO
719,GO:0009891,BPO
720,GO:0009892,BPO
721,GO:0009893,BPO
722,GO:0009894,BPO
723,GO:0009895,BPO
724,GO:0009896,BPO
725,GO:0009966,BPO
726,GO:0009967,BPO
727,GO:0009968,BPO
728,GO:0009987,BPO
729,GO:0010001,BPO
730,GO:0010038,BPO
731,GO:0010256,BPO
732,GO:0010467,BPO
733,GO:0010468,BPO
734,GO:0010498,BPO
735,GO:0010506,BPO
736,GO:0010508,BPO
737,GO:0010556,BPO
738,GO:0010557,BPO
739,GO:0010558,BPO
740,GO:0010562,BPO
741,GO:0010564,BPO
742,GO:0010594,BPO
743,GO:0010604,BPO
744,GO:0010605,BPO
745,GO:0010608,BPO
746,GO:0010611,BPO
747,GO:0010628,BPO
748,GO:0010629,BPO
749,GO:0010638,BPO
750,GO:0010639,BPO
751,GO:0010646,BPO
752,GO:0010647,BPO
753,GO:0010648,BPO
754,GO:0010720,BPO
755,GO:0010721,BPO
756,GO:0010810,BPO
757,GO:0010812,BPO
758,GO:0010817,BPO
759,GO:0010821,BPO
760,GO:0010876,BPO
761,GO:0010906,BPO
762,GO:0010948,BPO
763,GO:0010959,BPO
764,GO:0010975,BPO
765,GO:0012501,BPO
766,GO:0014013,BPO
767,GO:0014706,BPO
768,GO:0014743,BPO
769,GO:0014823,BPO
770,GO:0014855,BPO
771,GO:0015031,BPO
772,GO:0015074,BPO
773,GO:0015931,BPO
774,GO:0015979,BPO
775,GO:0015980,BPO
776,GO:0016032,BPO
777,GO:0016042,BPO
778,GO:0016043,BPO
779,GO:0016050,BPO
780,GO:0016051,BPO
781,GO:0016052,BPO
782,GO:0016053,BPO
783,GO:0016054,BPO
784,GO:0016055,BPO
785,GO:0016064,BPO
786,GO:0016070,BPO
787,GO:0016071,BPO
788,GO:0016072,BPO
789,GO:0016114,BPO
790,GO:0016192,BPO
791,GO:0016197,BPO
792,GO:0016236,BPO
793,GO:0016239,BPO
794,GO:0016241,BPO
795,GO:0016310,BPO
796,GO:0016331,BPO
797,GO:0016477,BPO
798,GO:0016485,BPO
799,GO:0016567,BPO
800,GO:0016579,BPO
801,GO:0016999,BPO
802,GO:0017015,BPO
803,GO:0017148,BPO
804,GO:0017157,BPO
805,GO:0018193,BPO
806,GO:0019058,BPO
807,GO:0019062,BPO
808,GO:0019064,BPO
809,GO:0019065,BPO
810,GO:0019068,BPO
811,GO:0019079,BPO
812,GO:0019080,BPO
813,GO:0019081,BPO
814,GO:0019082,BPO
815,GO:0019083,BPO
816,GO:0019216,BPO
817,GO:0019219,BPO
818,GO:0019221,BPO
819,GO:0019222,BPO
820,GO:0019318,BPO
821,GO:0019320,BPO
822,GO:0019364,BPO
823,GO:0019538,BPO
824,GO:0019627,BPO
825,GO:0019637,BPO
826,GO:0019693,BPO
827,GO:0019724,BPO
828,GO:0019725,BPO
829,GO:0019730,BPO
830,GO:0019748,BPO
831,GO:0019751,BPO
832,GO:0019752,BPO
833,GO:0019827,BPO
834,GO:0019941,BPO
835,GO:0019953,BPO
836,GO:0021537,BPO
837,GO:0021543,BPO
838,GO:0021700,BPO
839,GO:0021761,BPO
840,GO:0021766,BPO
841,GO:0021915,BPO
842,GO:0022008,BPO
843,GO:0022402,BPO
844,GO:0022407,BPO
845,GO:0022408,BPO
846,GO:0022409,BPO
847,GO:0022411,BPO
848,GO:0022412,BPO
849,GO:0022414,BPO
850,GO:0022603,BPO
851,GO:0022604,BPO
852,GO:0022607,BPO
853,GO:0022612,BPO
854,GO:0022613,BPO
855,GO:0022618,BPO
856,GO:0022900,BPO
857,GO:0022904,BPO
858,GO:0023051,BPO
859,GO:0023052,BPO
860,GO:0023056,BPO
861,GO:0023057,BPO
862,GO:0030001,BPO
863,GO:0030003,BPO
864,GO:0030010,BPO
865,GO:0030029,BPO
866,GO:0030030,BPO
867,GO:0030031,BPO
868,GO:0030036,BPO
869,GO:0030097,BPO
870,GO:0030099,BPO
871,GO:0030100,BPO
872,GO:0030111,BPO
873,GO:0030154,BPO
874,GO:0030155,BPO
875,GO:0030162,BPO
876,GO:0030163,BPO
877,GO:0030178,BPO
878,GO:0030182,BPO
879,GO:0030193,BPO
880,GO:0030194,BPO
881,GO:0030195,BPO
882,GO:0030198,BPO
883,GO:0030203,BPO
884,GO:0030261,BPO
885,GO:0030307,BPO
886,GO:0030316,BPO
887,GO:0030323,BPO
888,GO:0030324,BPO
889,GO:0030334,BPO
890,GO:0030335,BPO
891,GO:0030336,BPO
892,GO:0030435,BPO
893,GO:0030512,BPO
894,GO:0030522,BPO
895,GO:0030534,BPO
896,GO:0030682,BPO
897,GO:0030811,BPO
898,GO:0030855,BPO
899,GO:0030856,BPO
900,GO:0030888,BPO
901,GO:0030900,BPO
902,GO:0030902,BPO
903,GO:0031047,BPO
904,GO:0031099,BPO
905,GO:0031175,BPO
906,GO:0031333,BPO
907,GO:0031334,BPO
908,GO:0031341,BPO
909,GO:0031344,BPO
910,GO:0031345,BPO
911,GO:0031347,BPO
912,GO:0031348,BPO
913,GO:0031349,BPO
914,GO:0031396,BPO
915,GO:0031398,BPO
916,GO:0031399,BPO
917,GO:0031401,BPO
918,GO:0031507,BPO
919,GO:0031589,BPO
920,GO:0031623,BPO
921,GO:0031640,BPO
922,GO:0031647,BPO
923,GO:0031667,BPO
924,GO:0031669,BPO
925,GO:0032006,BPO
926,GO:0032008,BPO
927,GO:0032101,BPO
928,GO:0032102,BPO
929,GO:0032103,BPO
930,GO:0032200,BPO
931,GO:0032259,BPO
932,GO:0032368,BPO
933,GO:0032386,BPO
934,GO:0032388,BPO
935,GO:0032434,BPO
936,GO:0032446,BPO
937,GO:0032479,BPO
938,GO:0032496,BPO
939,GO:0032501,BPO
940,GO:0032502,BPO
941,GO:0032535,BPO
942,GO:0032675,BPO
943,GO:0032680,BPO
944,GO:0032774,BPO
945,GO:0032787,BPO
946,GO:0032868,BPO
947,GO:0032870,BPO
948,GO:0032879,BPO
949,GO:0032880,BPO
950,GO:0032886,BPO
951,GO:0032940,BPO
952,GO:0032944,BPO
953,GO:0032946,BPO
954,GO:0032956,BPO
955,GO:0032970,BPO
956,GO:0032984,BPO
957,GO:0033002,BPO
958,GO:0033013,BPO
959,GO:0033014,BPO
960,GO:0033036,BPO
961,GO:0033043,BPO
962,GO:0033044,BPO
963,GO:0033045,BPO
964,GO:0033047,BPO
965,GO:0033121,BPO
966,GO:0033157,BPO
967,GO:0033365,BPO
968,GO:0033554,BPO
969,GO:0033674,BPO
970,GO:0033993,BPO
971,GO:0034097,BPO
972,GO:0034219,BPO
973,GO:0034220,BPO
974,GO:0034248,BPO
975,GO:0034284,BPO
976,GO:0034308,BPO
977,GO:0034329,BPO
978,GO:0034330,BPO
979,GO:0034504,BPO
980,GO:0034599,BPO
981,GO:0034605,BPO
982,GO:0034614,BPO
983,GO:0034644,BPO
984,GO:0034654,BPO
985,GO:0034655,BPO
986,GO:0034762,BPO
987,GO:0034764,BPO
988,GO:0034765,BPO
989,GO:0034976,BPO
990,GO:0035107,BPO
991,GO:0035108,BPO
992,GO:0035148,BPO
993,GO:0035239,BPO
994,GO:0035265,BPO
995,GO:0035295,BPO
996,GO:0035556,BPO
997,GO:0035592,BPO
998,GO:0035821,BPO
999,GO:0035904,BPO
1000,GO:0035966,BPO
1001,GO:0035967,BPO
1002,GO:0036211,BPO
1003,GO:0036293,BPO
1004,GO:0036294,BPO
1005,GO:0036503,BPO
1006,GO:0039502,BPO
1007,GO:0039514,BPO
1008,GO:0039520,BPO
1009,GO:0039531,BPO
1010,GO:0039537,BPO
1011,GO:0039548,BPO
1012,GO:0039562,BPO
1013,GO:0039563,BPO
1014,GO:0039564,BPO
1015,GO:0039580,BPO
1016,GO:0039648,BPO
1017,GO:0039654,BPO
1018,GO:0039656,BPO
1019,GO:0039657,BPO
1020,GO:0039663,BPO
1021,GO:0039694,BPO
1022,GO:0039722,BPO
1023,GO:0039723,BPO
1024,GO:0040007,BPO
1025,GO:0040008,BPO
1026,GO:0040011,BPO
1027,GO:0040012,BPO
1028,GO:0040013,BPO
1029,GO:0040017,BPO
1030,GO:0040029,BPO
1031,GO:0042026,BPO
1032,GO:0042060,BPO
1033,GO:0042063,BPO
1034,GO:0042102,BPO
1035,GO:0042110,BPO
1036,GO:0042113,BPO
1037,GO:0042127,BPO
1038,GO:0042129,BPO
1039,GO:0042168,BPO
1040,GO:0042176,BPO
1041,GO:0042177,BPO
1042,GO:0042180,BPO
1043,GO:0042221,BPO
1044,GO:0042246,BPO
1045,GO:0042254,BPO
1046,GO:0042325,BPO
1047,GO:0042327,BPO
1048,GO:0042330,BPO
1049,GO:0042364,BPO
1050,GO:0042391,BPO
1051,GO:0042398,BPO
1052,GO:0042440,BPO
1053,GO:0042476,BPO
1054,GO:0042537,BPO
1055,GO:0042542,BPO
1056,GO:0042546,BPO
1057,GO:0042558,BPO
1058,GO:0042559,BPO
1059,GO:0042592,BPO
1060,GO:0042594,BPO
1061,GO:0042692,BPO
1062,GO:0042710,BPO
1063,GO:0042742,BPO
1064,GO:0042770,BPO
1065,GO:0042886,BPO
1066,GO:0042981,BPO
1067,GO:0043009,BPO
1068,GO:0043010,BPO
1069,GO:0043038,BPO
1070,GO:0043039,BPO
1071,GO:0043062,BPO
1072,GO:0043065,BPO
1073,GO:0043066,BPO
1074,GO:0043067,BPO
1075,GO:0043068,BPO
1076,GO:0043069,BPO
1077,GO:0043085,BPO
1078,GO:0043094,BPO
1079,GO:0043122,BPO
1080,GO:0043123,BPO
1081,GO:0043161,BPO
1082,GO:0043170,BPO
1083,GO:0043207,BPO
1084,GO:0043242,BPO
1085,GO:0043244,BPO
1086,GO:0043254,BPO
1087,GO:0043269,BPO
1088,GO:0043277,BPO
1089,GO:0043408,BPO
1090,GO:0043410,BPO
1091,GO:0043412,BPO
1092,GO:0043414,BPO
1093,GO:0043434,BPO
1094,GO:0043436,BPO
1095,GO:0043467,BPO
1096,GO:0043470,BPO
1097,GO:0043502,BPO
1098,GO:0043523,BPO
1099,GO:0043524,BPO
1100,GO:0043535,BPO
1101,GO:0043549,BPO
1102,GO:0043583,BPO
1103,GO:0043603,BPO
1104,GO:0043604,BPO
1105,GO:0043605,BPO
1106,GO:0043632,BPO
1107,GO:0043648,BPO
1108,GO:0043650,BPO
1109,GO:0043687,BPO
1110,GO:0043933,BPO
1111,GO:0043934,BPO
1112,GO:0044003,BPO
1113,GO:0044010,BPO
1114,GO:0044036,BPO
1115,GO:0044038,BPO
1116,GO:0044042,BPO
1117,GO:0044057,BPO
1118,GO:0044068,BPO
1119,GO:0044085,BPO
1120,GO:0044087,BPO
1121,GO:0044089,BPO
1122,GO:0044092,BPO
1123,GO:0044093,BPO
1124,GO:0044238,BPO
1125,GO:0044272,BPO
1126,GO:0044281,BPO
1127,GO:0044282,BPO
1128,GO:0044283,BPO
1129,GO:0044403,BPO
1130,GO:0044406,BPO
1131,GO:0044409,BPO
1132,GO:0044414,BPO
1133,GO:0044419,BPO
1134,GO:0044650,BPO
1135,GO:0044770,BPO
1136,GO:0045047,BPO
1137,GO:0045055,BPO
1138,GO:0045087,BPO
1139,GO:0045088,BPO
1140,GO:0045089,BPO
1141,GO:0045132,BPO
1142,GO:0045137,BPO
1143,GO:0045184,BPO
1144,GO:0045229,BPO
1145,GO:0045321,BPO
1146,GO:0045333,BPO
1147,GO:0045446,BPO
1148,GO:0045471,BPO
1149,GO:0045595,BPO
1150,GO:0045596,BPO
1151,GO:0045597,BPO
1152,GO:0045619,BPO
1153,GO:0045664,BPO
1154,GO:0045665,BPO
1155,GO:0045685,BPO
1156,GO:0045727,BPO
1157,GO:0045732,BPO
1158,GO:0045765,BPO
1159,GO:0045766,BPO
1160,GO:0045785,BPO
1161,GO:0045786,BPO
1162,GO:0045787,BPO
1163,GO:0045807,BPO
1164,GO:0045814,BPO
1165,GO:0045834,BPO
1166,GO:0045859,BPO
1167,GO:0045860,BPO
1168,GO:0045861,BPO
1169,GO:0045862,BPO
1170,GO:0045892,BPO
1171,GO:0045893,BPO
1172,GO:0045913,BPO
1173,GO:0045926,BPO
1174,GO:0045927,BPO
1175,GO:0045930,BPO
1176,GO:0045931,BPO
1177,GO:0045934,BPO
1178,GO:0045937,BPO
1179,GO:0045944,BPO
1180,GO:0045981,BPO
1181,GO:0045995,BPO
1182,GO:0046031,BPO
1183,GO:0046032,BPO
1184,GO:0046034,BPO
1185,GO:0046148,BPO
1186,GO:0046365,BPO
1187,GO:0046390,BPO
1188,GO:0046394,BPO
1189,GO:0046395,BPO
1190,GO:0046434,BPO
1191,GO:0046496,BPO
1192,GO:0046620,BPO
1193,GO:0046649,BPO
1194,GO:0046653,BPO
1195,GO:0046677,BPO
1196,GO:0046688,BPO
1197,GO:0046718,BPO
1198,GO:0046813,BPO
1199,GO:0046822,BPO
1200,GO:0046824,BPO
1201,GO:0046883,BPO
1202,GO:0046889,BPO
1203,GO:0046890,BPO
1204,GO:0046903,BPO
1205,GO:0046907,BPO
1206,GO:0048167,BPO
1207,GO:0048193,BPO
1208,GO:0048232,BPO
1209,GO:0048284,BPO
1210,GO:0048285,BPO
1211,GO:0048468,BPO
1212,GO:0048469,BPO
1213,GO:0048511,BPO
1214,GO:0048513,BPO
1215,GO:0048514,BPO
1216,GO:0048518,BPO
1217,GO:0048519,BPO
1218,GO:0048522,BPO
1219,GO:0048523,BPO
1220,GO:0048545,BPO
1221,GO:0048562,BPO
1222,GO:0048568,BPO
1223,GO:0048583,BPO
1224,GO:0048584,BPO
1225,GO:0048585,BPO
1226,GO:0048589,BPO
1227,GO:0048592,BPO
1228,GO:0048598,BPO
1229,GO:0048608,BPO
1230,GO:0048609,BPO
1231,GO:0048638,BPO
1232,GO:0048639,BPO
1233,GO:0048646,BPO
1234,GO:0048660,BPO
1235,GO:0048661,BPO
1236,GO:0048666,BPO
1237,GO:0048667,BPO
1238,GO:0048699,BPO
1239,GO:0048729,BPO
1240,GO:0048731,BPO
1241,GO:0048732,BPO
1242,GO:0048736,BPO
1243,GO:0048738,BPO
1244,GO:0048762,BPO
1245,GO:0048771,BPO
1246,GO:0048812,BPO
1247,GO:0048839,BPO
1248,GO:0048844,BPO
1249,GO:0048856,BPO
1250,GO:0048858,BPO
1251,GO:0048863,BPO
1252,GO:0048869,BPO
1253,GO:0048870,BPO
1254,GO:0048871,BPO
1255,GO:0048872,BPO
1256,GO:0048878,BPO
1257,GO:0048880,BPO
1258,GO:0050000,BPO
1259,GO:0050657,BPO
1260,GO:0050658,BPO
1261,GO:0050670,BPO
1262,GO:0050671,BPO
1263,GO:0050673,BPO
1264,GO:0050678,BPO
1265,GO:0050680,BPO
1266,GO:0050688,BPO
1267,GO:0050708,BPO
1268,GO:0050727,BPO
1269,GO:0050728,BPO
1270,GO:0050729,BPO
1271,GO:0050767,BPO
1272,GO:0050768,BPO
1273,GO:0050769,BPO
1274,GO:0050770,BPO
1275,GO:0050776,BPO
1276,GO:0050777,BPO
1277,GO:0050778,BPO
1278,GO:0050789,BPO
1279,GO:0050790,BPO
1280,GO:0050792,BPO
1281,GO:0050793,BPO
1282,GO:0050794,BPO
1283,GO:0050796,BPO
1284,GO:0050801,BPO
1285,GO:0050803,BPO
1286,GO:0050804,BPO
1287,GO:0050807,BPO
1288,GO:0050808,BPO
1289,GO:0050817,BPO
1290,GO:0050818,BPO
1291,GO:0050819,BPO
1292,GO:0050820,BPO
1293,GO:0050821,BPO
1294,GO:0050829,BPO
1295,GO:0050830,BPO
1296,GO:0050832,BPO
1297,GO:0050854,BPO
1298,GO:0050856,BPO
1299,GO:0050863,BPO
1300,GO:0050864,BPO
1301,GO:0050865,BPO
1302,GO:0050866,BPO
1303,GO:0050867,BPO
1304,GO:0050870,BPO
1305,GO:0050877,BPO
1306,GO:0050878,BPO
1307,GO:0050896,BPO
1308,GO:0050900,BPO
1309,GO:0050920,BPO
1310,GO:0050922,BPO
1311,GO:0050953,BPO
1312,GO:0051028,BPO
1313,GO:0051046,BPO
1314,GO:0051047,BPO
1315,GO:0051048,BPO
1316,GO:0051049,BPO
1317,GO:0051050,BPO
1318,GO:0051051,BPO
1319,GO:0051052,BPO
1320,GO:0051054,BPO
1321,GO:0051056,BPO
1322,GO:0051093,BPO
1323,GO:0051094,BPO
1324,GO:0051128,BPO
1325,GO:0051129,BPO
1326,GO:0051130,BPO
1327,GO:0051146,BPO
1328,GO:0051147,BPO
1329,GO:0051168,BPO
1330,GO:0051169,BPO
1331,GO:0051170,BPO
1332,GO:0051174,BPO
1333,GO:0051179,BPO
1334,GO:0051222,BPO
1335,GO:0051223,BPO
1336,GO:0051234,BPO
1337,GO:0051236,BPO
1338,GO:0051239,BPO
1339,GO:0051240,BPO
1340,GO:0051241,BPO
1341,GO:0051246,BPO
1342,GO:0051247,BPO
1343,GO:0051248,BPO
1344,GO:0051249,BPO
1345,GO:0051250,BPO
1346,GO:0051251,BPO
1347,GO:0051252,BPO
1348,GO:0051253,BPO
1349,GO:0051254,BPO
1350,GO:0051259,BPO
1351,GO:0051260,BPO
1352,GO:0051262,BPO
1353,GO:0051276,BPO
1354,GO:0051301,BPO
1355,GO:0051302,BPO
1356,GO:0051321,BPO
1357,GO:0051338,BPO
1358,GO:0051493,BPO
1359,GO:0051592,BPO
1360,GO:0051603,BPO
1361,GO:0051604,BPO
1362,GO:0051606,BPO
1363,GO:0051607,BPO
1364,GO:0051640,BPO
1365,GO:0051641,BPO
1366,GO:0051649,BPO
1367,GO:0051656,BPO
1368,GO:0051668,BPO
1369,GO:0051701,BPO
1370,GO:0051702,BPO
1371,GO:0051703,BPO
1372,GO:0051707,BPO
1373,GO:0051716,BPO
1374,GO:0051726,BPO
1375,GO:0051783,BPO
1376,GO:0051865,BPO
1377,GO:0051896,BPO
1378,GO:0051897,BPO
1379,GO:0051924,BPO
1380,GO:0051960,BPO
1381,GO:0051961,BPO
1382,GO:0051962,BPO
1383,GO:0051983,BPO
1384,GO:0052008,BPO
1385,GO:0052027,BPO
1386,GO:0052029,BPO
1387,GO:0052031,BPO
1388,GO:0052040,BPO
1389,GO:0052078,BPO
1390,GO:0052111,BPO
1391,GO:0052167,BPO
1392,GO:0052170,BPO
1393,GO:0052200,BPO
1394,GO:0052553,BPO
1395,GO:0052562,BPO
1396,GO:0055001,BPO
1397,GO:0055021,BPO
1398,GO:0055074,BPO
1399,GO:0055080,BPO
1400,GO:0055082,BPO
1401,GO:0055085,BPO
1402,GO:0055086,BPO
1403,GO:0060173,BPO
1404,GO:0060255,BPO
1405,GO:0060284,BPO
1406,GO:0060322,BPO
1407,GO:0060326,BPO
1408,GO:0060341,BPO
1409,GO:0060348,BPO
1410,GO:0060411,BPO
1411,GO:0060420,BPO
1412,GO:0060429,BPO
1413,GO:0060485,BPO
1414,GO:0060537,BPO
1415,GO:0060541,BPO
1416,GO:0060560,BPO
1417,GO:0060561,BPO
1418,GO:0060562,BPO
1419,GO:0060627,BPO
1420,GO:0060759,BPO
1421,GO:0060828,BPO
1422,GO:0060840,BPO
1423,GO:0061013,BPO
1424,GO:0061014,BPO
1425,GO:0061024,BPO
1426,GO:0061025,BPO
1427,GO:0061041,BPO
1428,GO:0061045,BPO
1429,GO:0061061,BPO
1430,GO:0061136,BPO
1431,GO:0061138,BPO
1432,GO:0061448,BPO
1433,GO:0061458,BPO
1434,GO:0061462,BPO
1435,GO:0061564,BPO
1436,GO:0061844,BPO
1437,GO:0061919,BPO
1438,GO:0061982,BPO
1439,GO:0062012,BPO
1440,GO:0062013,BPO
1441,GO:0062197,BPO
1442,GO:0062207,BPO
1443,GO:0065003,BPO
1444,GO:0065004,BPO
1445,GO:0065007,BPO
1446,GO:0065008,BPO
1447,GO:0065009,BPO
1448,GO:0070201,BPO
1449,GO:0070301,BPO
1450,GO:0070372,BPO
1451,GO:0070374,BPO
1452,GO:0070482,BPO
1453,GO:0070613,BPO
1454,GO:0070646,BPO
1455,GO:0070647,BPO
1456,GO:0070663,BPO
1457,GO:0070665,BPO
1458,GO:0070828,BPO
1459,GO:0070848,BPO
1460,GO:0070887,BPO
1461,GO:0070918,BPO
1462,GO:0070925,BPO
1463,GO:0070936,BPO
1464,GO:0071214,BPO
1465,GO:0071216,BPO
1466,GO:0071248,BPO
1467,GO:0071345,BPO
1468,GO:0071363,BPO
1469,GO:0071375,BPO
1470,GO:0071396,BPO
1471,GO:0071453,BPO
1472,GO:0071466,BPO
1473,GO:0071478,BPO
1474,GO:0071482,BPO
1475,GO:0071495,BPO
1476,GO:0071554,BPO
1477,GO:0071555,BPO
1478,GO:0071559,BPO
1479,GO:0071560,BPO
1480,GO:0071675,BPO
1481,GO:0071692,BPO
1482,GO:0071695,BPO
1483,GO:0071705,BPO
1484,GO:0071806,BPO
1485,GO:0071824,BPO
1486,GO:0071826,BPO
1487,GO:0071840,BPO
1488,GO:0071897,BPO
1489,GO:0071900,BPO
1490,GO:0071941,BPO
1491,GO:0071973,BPO
1492,GO:0072001,BPO
1493,GO:0072175,BPO
1494,GO:0072330,BPO
1495,GO:0072359,BPO
1496,GO:0072521,BPO
1497,GO:0072522,BPO
1498,GO:0072523,BPO
1499,GO:0072524,BPO
1500,GO:0072526,BPO
1501,GO:0072527,BPO
1502,GO:0072583,BPO
1503,GO:0072593,BPO
1504,GO:0072594,BPO
1505,GO:0072599,BPO
1506,GO:0072657,BPO
1507,GO:0072659,BPO
1508,GO:0072665,BPO
1509,GO:0072666,BPO
1510,GO:0075071,BPO
1511,GO:0075136,BPO
1512,GO:0075509,BPO
1513,GO:0075512,BPO
1514,GO:0075523,BPO
1515,GO:0080090,BPO
1516,GO:0080134,BPO
1517,GO:0080135,BPO
1518,GO:0085032,BPO
1519,GO:0085034,BPO
1520,GO:0090066,BPO
1521,GO:0090068,BPO
1522,GO:0090087,BPO
1523,GO:0090090,BPO
1524,GO:0090092,BPO
1525,GO:0090100,BPO
1526,GO:0090101,BPO
1527,GO:0090150,BPO
1528,GO:0090199,BPO
1529,GO:0090201,BPO
1530,GO:0090257,BPO
1531,GO:0090276,BPO
1532,GO:0090287,BPO
1533,GO:0090303,BPO
1534,GO:0090304,BPO
1535,GO:0090316,BPO
1536,GO:0090407,BPO
1537,GO:0090596,BPO
1538,GO:0097190,BPO
1539,GO:0097191,BPO
1540,GO:0097193,BPO
1541,GO:0097305,BPO
1542,GO:0097306,BPO
1543,GO:0097435,BPO
1544,GO:0097588,BPO
1545,GO:0098542,BPO
1546,GO:0098581,BPO
1547,GO:0098609,BPO
1548,GO:0098630,BPO
1549,GO:0098655,BPO
1550,GO:0098657,BPO
1551,GO:0098704,BPO
1552,GO:0098727,BPO
1553,GO:0098739,BPO
1554,GO:0098743,BPO
1555,GO:0098771,BPO
1556,GO:0098813,BPO
1557,GO:0098876,BPO
1558,GO:0099177,BPO
1559,GO:0099536,BPO
1560,GO:0099537,BPO
1561,GO:0104004,BPO
1562,GO:0120035,BPO
1563,GO:0120036,BPO
1564,GO:0120039,BPO
1565,GO:0120252,BPO
1566,GO:0140013,BPO
1567,GO:0140014,BPO
1568,GO:0140352,BPO
1569,GO:0140546,BPO
1570,GO:0140694,BPO
1571,GO:0140886,BPO
1572,GO:0141060,BPO
1573,GO:0141061,BPO
1574,GO:0141124,BPO
1575,GO:0141154,BPO
1576,GO:0141187,BPO
1577,GO:0141188,BPO
1578,GO:0150063,BPO
1579,GO:0160307,BPO
1580,GO:0170033,BPO
1581,GO:0170034,BPO
1582,GO:0170035,BPO
1583,GO:0170038,BPO
1584,GO:0170039,BPO
1585,GO:0170040,BPO
1586,GO:0170041,BPO
1587,GO:1900046,BPO
1588,GO:1900047,BPO
1589,GO:1900048,BPO
1590,GO:1900180,BPO
1591,GO:1900182,BPO
1592,GO:1900542,BPO
1593,GO:1900544,BPO
1594,GO:1901135,BPO
1595,GO:1901136,BPO
1596,GO:1901137,BPO
1597,GO:1901292,BPO
1598,GO:1901293,BPO
1599,GO:1901342,BPO
1600,GO:1901605,BPO
1601,GO:1901606,BPO
1602,GO:1901607,BPO
1603,GO:1901652,BPO
1604,GO:1901654,BPO
1605,GO:1901655,BPO
1606,GO:1901698,BPO
1607,GO:1901699,BPO
1608,GO:1901700,BPO
1609,GO:1901701,BPO
1610,GO:1901796,BPO
1611,GO:1901800,BPO
1612,GO:1901873,BPO
1613,GO:1901875,BPO
1614,GO:1901987,BPO
1615,GO:1901988,BPO
1616,GO:1901990,BPO
1617,GO:1901991,BPO
1618,GO:1902041,BPO
1619,GO:1902105,BPO
1620,GO:1902115,BPO
1621,GO:1902117,BPO
1622,GO:1902531,BPO
1623,GO:1902532,BPO
1624,GO:1902533,BPO
1625,GO:1902679,BPO
1626,GO:1902680,BPO
1627,GO:1902742,BPO
1628,GO:1902850,BPO
1629,GO:1902903,BPO
1630,GO:1903034,BPO
1631,GO:1903035,BPO
1632,GO:1903036,BPO
1633,GO:1903037,BPO
1634,GO:1903038,BPO
1635,GO:1903039,BPO
1636,GO:1903046,BPO
1637,GO:1903047,BPO
1638,GO:1903050,BPO
1639,GO:1903052,BPO
1640,GO:1903131,BPO
1641,GO:1903169,BPO
1642,GO:1903311,BPO
1643,GO:1903313,BPO
1644,GO:1903317,BPO
1645,GO:1903320,BPO
1646,GO:1903322,BPO
1647,GO:1903432,BPO
1648,GO:1903509,BPO
1649,GO:1903522,BPO
1650,GO:1903530,BPO
1651,GO:1903531,BPO
1652,GO:1903532,BPO
1653,GO:1903555,BPO
1654,GO:1903578,BPO
1655,GO:1903580,BPO
1656,GO:1903706,BPO
1657,GO:1903828,BPO
1658,GO:1903829,BPO
1659,GO:1903844,BPO
1660,GO:1903900,BPO
1661,GO:1904018,BPO
1662,GO:1904019,BPO
1663,GO:1904062,BPO
1664,GO:1904375,BPO
1665,GO:1904645,BPO
1666,GO:1904646,BPO
1667,GO:1904951,BPO
1668,GO:1905037,BPO
1669,GO:1905475,BPO
1670,GO:1905521,BPO
1671,GO:1905897,BPO
1672,GO:1905952,BPO
1673,GO:1990778,BPO
1674,GO:1990823,BPO
1675,GO:1990830,BPO
1676,GO:2000026,BPO
1677,GO:2000058,BPO
1678,GO:2000060,BPO
1679,GO:2000145,BPO
1680,GO:2000146,BPO
1681,GO:2000147,BPO
1682,GO:2000241,BPO
1683,GO:2000377,BPO
1684,GO:2000379,BPO
1685,GO:2001057,BPO
1686,GO:2001141,BPO
1687,GO:2001233,BPO
1688,GO:2001234,BPO
1689,GO:2001235,BPO
1690,GO:2001236,BPO
1691,GO:2001237,BPO
1692,GO:2001242,BPO
1693,GO:2001251,BPO
1694,GO:0000139,CCO
1695,GO:0000151,CCO
1696,GO:0000228,CCO
1697,GO:0000323,CCO
1698,GO:0000428,CCO
1699,GO:0000775,CCO
1700,GO:0000776,CCO
1701,GO:0000779,CCO
1702,GO:0000781,CCO
1703,GO:0000785,CCO
1704,GO:0000793,CCO
1705,GO:0005575,CCO
1706,GO:0005576,CCO
1707,GO:0005581,CCO
1708,GO:0005604,CCO
1709,GO:0005615,CCO
1710,GO:0005618,CCO
1711,GO:0005622,CCO
1712,GO:0005634,CCO
1713,GO:0005635,CCO
1714,GO:0005654,CCO
1715,GO:0005667,CCO
1716,GO:0005694,CCO
1717,GO:0005730,CCO
1718,GO:0005737,CCO
1719,GO:0005739,CCO
1720,GO:0005740,CCO
1721,GO:0005741,CCO
1722,GO:0005743,CCO
1723,GO:0005759,CCO
1724,GO:0005764,CCO
1725,GO:0005765,CCO
1726,GO:0005766,CCO
1727,GO:0005768,CCO
1728,GO:0005769,CCO
1729,GO:0005770,CCO
1730,GO:0005773,CCO
1731,GO:0005774,CCO
1732,GO:0005775,CCO
1733,GO:0005776,CCO
1734,GO:0005777,CCO
1735,GO:0005783,CCO
1736,GO:0005788,CCO
1737,GO:0005789,CCO
1738,GO:0005794,CCO
1739,GO:0005802,CCO
1740,GO:0005813,CCO
1741,GO:0005815,CCO
1742,GO:0005819,CCO
1743,GO:0005829,CCO
1744,GO:0005840,CCO
1745,GO:0005856,CCO
1746,GO:0005874,CCO
1747,GO:0005886,CCO
1748,GO:0005901,CCO
1749,GO:0005911,CCO
1750,GO:0005912,CCO
1751,GO:0005925,CCO
1752,GO:0005929,CCO
1753,GO:0005930,CCO
1754,GO:0009279,CCO
1755,GO:0009288,CCO
1756,GO:0009507,CCO
1757,GO:0009534,CCO
1758,GO:0009536,CCO
1759,GO:0009579,CCO
1760,GO:0009897,CCO
1761,GO:0009898,CCO
1762,GO:0009925,CCO
1763,GO:0009986,CCO
1764,GO:0010008,CCO
1765,GO:0010494,CCO
1766,GO:0012505,CCO
1767,GO:0012506,CCO
1768,GO:0014069,CCO
1769,GO:0015629,CCO
1770,GO:0015630,CCO
1771,GO:0015934,CCO
1772,GO:0016020,CCO
1773,GO:0016323,CCO
1774,GO:0016324,CCO
1775,GO:0016591,CCO
1776,GO:0016604,CCO
1777,GO:0016607,CCO
1778,GO:0017053,CCO
1779,GO:0018995,CCO
1780,GO:0019013,CCO
1781,GO:0019028,CCO
1782,GO:0019031,CCO
1783,GO:0019866,CCO
1784,GO:0019867,CCO
1785,GO:0019898,CCO
1786,GO:0020002,CCO
1787,GO:0022625,CCO
1788,GO:0022626,CCO
1789,GO:0030016,CCO
1790,GO:0030017,CCO
1791,GO:0030018,CCO
1792,GO:0030027,CCO
1793,GO:0030054,CCO
1794,GO:0030055,CCO
1795,GO:0030133,CCO
1796,GO:0030135,CCO
1797,GO:0030139,CCO
1798,GO:0030141,CCO
1799,GO:0030175,CCO
1800,GO:0030288,CCO
1801,GO:0030312,CCO
1802,GO:0030313,CCO
1803,GO:0030424,CCO
1804,GO:0030425,CCO
1805,GO:0030426,CCO
1806,GO:0030427,CCO
1807,GO:0030430,CCO
1808,GO:0030496,CCO
1809,GO:0030658,CCO
1810,GO:0030659,CCO
1811,GO:0030666,CCO
1812,GO:0030667,CCO
1813,GO:0030880,CCO
1814,GO:0031012,CCO
1815,GO:0031090,CCO
1816,GO:0031091,CCO
1817,GO:0031093,CCO
1818,GO:0031252,CCO
1819,GO:0031410,CCO
1820,GO:0031594,CCO
1821,GO:0031674,CCO
1822,GO:0031965,CCO
1823,GO:0031966,CCO
1824,GO:0031967,CCO
1825,GO:0031968,CCO
1826,GO:0031974,CCO
1827,GO:0031976,CCO
1828,GO:0031981,CCO
1829,GO:0031982,CCO
1830,GO:0031983,CCO
1831,GO:0031984,CCO
1832,GO:0032279,CCO
1833,GO:0032838,CCO
1834,GO:0032991,CCO
1835,GO:0032993,CCO
1836,GO:0033643,CCO
1837,GO:0033644,CCO
1838,GO:0033645,CCO
1839,GO:0033646,CCO
1840,GO:0033647,CCO
1841,GO:0033648,CCO
1842,GO:0033655,CCO
1843,GO:0034357,CCO
1844,GO:0034702,CCO
1845,GO:0034703,CCO
1846,GO:0034708,CCO
1847,GO:0034774,CCO
1848,GO:0035578,CCO
1849,GO:0035770,CCO
1850,GO:0036064,CCO
1851,GO:0036338,CCO
1852,GO:0036464,CCO
1853,GO:0036477,CCO
1854,GO:0042025,CCO
1855,GO:0042175,CCO
1856,GO:0042383,CCO
1857,GO:0042470,CCO
1858,GO:0042579,CCO
1859,GO:0042582,CCO
1860,GO:0042597,CCO
1861,GO:0042651,CCO
1862,GO:0042995,CCO
1863,GO:0043005,CCO
1864,GO:0043025,CCO
1865,GO:0043197,CCO
1866,GO:0043204,CCO
1867,GO:0043226,CCO
1868,GO:0043227,CCO
1869,GO:0043228,CCO
1870,GO:0043229,CCO
1871,GO:0043230,CCO
1872,GO:0043231,CCO
1873,GO:0043232,CCO
1874,GO:0043233,CCO
1875,GO:0043235,CCO
1876,GO:0043292,CCO
1877,GO:0043296,CCO
1878,GO:0043656,CCO
1879,GO:0044161,CCO
1880,GO:0044162,CCO
1881,GO:0044165,CCO
1882,GO:0044167,CCO
1883,GO:0044172,CCO
1884,GO:0044174,CCO
1885,GO:0044177,CCO
1886,GO:0044217,CCO
1887,GO:0044220,CCO
1888,GO:0044297,CCO
1889,GO:0044309,CCO
1890,GO:0044391,CCO
1891,GO:0044423,CCO
1892,GO:0044853,CCO
1893,GO:0045121,CCO
1894,GO:0045177,CCO
1895,GO:0045178,CCO
1896,GO:0045202,CCO
1897,GO:0045335,CCO
1898,GO:0048471,CCO
1899,GO:0048770,CCO
1900,GO:0055029,CCO
1901,GO:0055036,CCO
1902,GO:0060205,CCO
1903,GO:0061695,CCO
1904,GO:0065010,CCO
1905,GO:0070013,CCO
1906,GO:0070062,CCO
1907,GO:0070161,CCO
1908,GO:0071944,CCO
1909,GO:0072562,CCO
1910,GO:0090575,CCO
1911,GO:0097014,CCO
1912,GO:0097060,CCO
1913,GO:0097447,CCO
1914,GO:0097708,CCO
1915,GO:0098552,CCO
1916,GO:0098562,CCO
1917,GO:0098588,CCO
1918,GO:0098590,CCO
1919,GO:0098687,CCO
1920,GO:0098791,CCO
1921,GO:0098793,CCO
1922,GO:0098794,CCO
1923,GO:0098796,CCO
1924,GO:0098797,CCO
1925,GO:0098798,CCO
1926,GO:0098802,CCO
1927,GO:0098827,CCO
1928,GO:0098852,CCO
1929,GO:0098857,CCO
1930,GO:0098858,CCO
1931,GO:0098978,CCO
1932,GO:0098984,CCO
1933,GO:0099080,CCO
1934,GO:0099081,CCO
1935,GO:0099503,CCO
1936,GO:0099512,CCO
1937,GO:0099513,CCO
1938,GO:0099568,CCO
1939,GO:0099572,CCO
1940,GO:0101002,CCO
1941,GO:0110165,CCO
1942,GO:0120025,CCO
1943,GO:0140168,CCO
1944,GO:0140513,CCO
1945,GO:0140534,CCO
1946,GO:0140535,CCO
1947,GO:0150034,CCO
1948,GO:1902493,CCO
1949,GO:1902494,CCO
1950,GO:1902495,CCO
1951,GO:1902554,CCO
1952,GO:1902911,CCO
1953,GO:1903561,CCO
1954,GO:1904813,CCO
1955,GO:1904949,CCO
1956,GO:1905368,CCO
1957,GO:1990204,CCO
1958,GO:1990234,CCO
1959,GO:1990351,CCO
1960,GO:1990904,CCO
